{  

      "27-des-2025": {"title": "Pesta Keluarga Kudus, Yesus, Maria, Yosef", "date": "2025-12-27", "originalFilename": "27-des-2025.mdx"},
      "04-jan-2026": {"title": "HARI RAYA PENAMPAKAN TUHAN Hari Anak Misioner Sedunia", "date": "2026-01-04", "originalFilename": "04-jan-2026.mdx"},
      "11-jan-2026": {"title": "PESTA PEMBAPTISAN TUHAN", "date": "2026-01-11", "originalFilename": "11-jan-2026.mdx"},
      "18-jan-2026": {"title": "Minggu Biasa Kedua", "date": "2026-01-18", "originalFilename": "18-jan-2026.mdx"},
      "25-jan-2026": {"title": "Minggu Biasa Ketiga", "date": "2026-01-25", "originalFilename": "25-jan-2026.mdx"}
      
}

